OfficeId,UserId,FullName
1,201,John Doe
2,202,Jane Smith
3,203,Michael Johnson
4,204,Sarah Brown
5,205,Robert Davis
6,206,Emily Wilson
7,207,David Lee
8,208,Amy Anderson
9,209,Thomas Clark
10,210,Laura Martinez
11,211,Andrew Thompson
12,212,Olivia Taylor
13,213,William Rodriguez
14,214,Sophia Hernandez
15,215,Christopher Young
16,216,Elizabeth Lewis
17,217,James Turner
18,218,Abigail Walker
19,219,Matthew Hall
20,220,Victoria White
21,221,Daniel Moore
22,222,Grace Allen
23,223,Liam Hill
24,224,Chloe Adams
25,225,Ethan Green
26,226,Ava Baker
27,227,Joseph Turner
28,228,Mia Parker
29,229,Samuel Collins
30,230,Isabella Evans
31,231,Alexander Wright
32,232,Sophie Harris
33,233,Logan King
34,234,Grace Morris
35,235,Jack Thompson
36,236,Lily Foster
37,237,Mason Rogers
38,238,Emily Ward
39,239,Benjamin Cooper
40,240,Hannah Hughes
41,241,William Foster
42,242,Ava Nelson
43,243,James Reed
44,244,Sophia Watson
45,245,Alexander Hayes
46,246,Charlotte Ross
47,247,Daniel Gray
48,248,Emma James
49,249,Oliver Scott
50,250,Grace Miller
51,251,Maxwell Turner
52,252,Ava Turner
53,253,Noah Turner
54,254,Sophia Turner
55,255,Elijah Turner
56,256,Isabella Turner
57,257,Liam Turner
58,258,Olivia Turner
59,259,James Turner
60,260,Charlotte Turner
