UserId,UserName,Password,UserType
1,johndoe,johndoe123,Student
2,janesmith,janesmith456,Student
3,michaeljohnson,michaeljohnson789,Student
4,sarahwilliams,sarahwilliams321,Student
5,davidbrown,davidbrown654,Student
6,emilymiller,emilymiller987,Student
7,matthewanderson,matthewanderson123,Faculty
8,sophiataylor,sophiataylor456,Faculty
9,williamdavis,williamdavis789,Faculty
10,oliviathompson,oliviathompson321,Faculty
11,alexanderwhite,alexanderwhite654,Faculty
12,graceharris,graceharris987,Faculty
13,benjaminlewis,benjaminlewis123,Faculty
14,avaclark,avaclark456,Faculty
15,ethanhall,ethanhall789,Faculty
16,chloeyoung,chloeyoung321,Faculty
17,jameslee,jameslee654,Student
18,miascott,miascott987,Student
19,liamgreen,liamgreen123,Student
20,charlotteadams,charlotteadams456,Student
21,lucasbaker,lucasbaker789,Student
22,emmaevans,emmaevans321,Student
23,aidengonzalez,aidengonzalez654,Student
24,abigailhall,abigailhall987,Student
25,alexishill,alexishill123,Student
26,jacksoncampbell,jacksoncampbell456,Student
27,harperroberts,harperroberts789,Student
28,sebastiancarter,sebastiancarter321,Faculty
29,milaphillips,milaphillips654,Faculty
30,lucasross,lucasross987,Faculty
31,stellaturner,stellaturner123,Faculty
32,elijahparker,elijahparker456,Faculty
33,sofiacollins,sofiacollins789,Faculty
34,lincolnward,lincolnward321,Faculty
35,averycook,averycook654,Faculty
36,scarlettbell,scarlettbell987,Faculty
37,loganbrown,loganbrown123,Faculty
38,graceking,graceking456,Faculty
39,owenwright,owenwright789,AcademicOffice
40,lilymorgan,lilymorgan321,AcademicOffice
41,gabrielbailey,gabrielbailey654,AcademicOffice
42,savannahcox,savannahcox987,AcademicOffice
43,christopherross,christopherross123,AcademicOffice
44,ariafoster,ariafoster456,AcademicOffice
45,calebreed,calebreed789,AcademicOffice
46,zoeylong,zoeylong321,AcademicOffice
47,julianbutler,julianbutler654,AcademicOffice
48,lillianward,lillianward987,AcademicOffice
49,leorivera,leorivera123,AcademicOffice
50,eleanorcollins,eleanorcollins456,AcademicOffice
51,oliverhughes,oliverhughes123,Student
52,isabellagarcia,isabellagarcia456,Student
53,samuelmartinez,samuelmartinez789,Student
54,violetturner,violetturner321,Student
55,henryrodriguez,henryrodriguez654,Student
56,evelyncooper,evelyncooper987,Student
57,adrianlopez,adrianlopez123,Faculty
58,sophieward,sophieward456,Faculty
59,edwardcruz,edwardcruz789,Faculty
60,aubreybarnes,aubreybarnes321,Faculty
61,thomasrobertson,thomasrobertson654,Faculty
62,victorprice,victorprice987,Faculty
63,elizabethmorgan,elizabethmorgan123,Faculty
64,hudsonrogers,hudsonrogers456,Faculty
65,natalieperry,natalieperry789,Faculty
66,noahcarter,noahcarter321,Faculty
67,sophiahill,sophiahill654,Student
68,ryancox,ryancox987,Student
69,danielroberts,danielroberts123,Student
70,mayawatson,mayawatson456,Student
71,gabrieljohnson,gabrieljohnson789,Student
72,zoeparker,zoeparker321,Student
73,williamnelson,williamnelson654,Student
74,vivianthompson,vivianthompson987,Student
75,lukeallen,lukeallen123,Student
76,emmarobinson,emmarobinson456,Student
77,jacobjames,jacobjames789,Student
78,emilywilson,emilywilson321,Student
79,samanthacook,samanthacook654,Faculty
80,benjamindiaz,benjamindiaz987,Faculty
81,averystewart,averystewart123,Faculty
82,zoewright,zoewright456,Faculty
83,christopherlee,christopherlee789,Faculty
84,madisonrivera,madisonrivera321,Faculty
85,haydenbaker,haydenbaker654,Faculty
86,eleanormorris,eleanormorris987,Faculty
87,johnnyturner,johnnyturner123,Faculty
88,oliviawatson,oliviawatson456,Faculty
89,carterhall,carterhall789,Student
90,abigailwood,abigailwood321,Student
91,samuelstewart,samuelstewart654,Student
92,hannahjones,hannahjones987,Student
93,williambrooks,williambrooks123,Student
94,scarlettmurphy,scarlettmurphy456,Student
95,jacobreed,jacobreed789,Student
96,victoriagreen,victoriagreen321,Student
97,masoncox,masoncox654,Student
98,ameliamitchell,ameliamitchell987,Student
99,lucasbarnes,lucasbarnes123,Student
101,faculty101,password101,Faculty
102,faculty102,password102,Faculty
103,faculty103,password103,Faculty
104,faculty104,password104,Faculty
105,faculty105,password105,Faculty
106,faculty106,password106,Faculty
107,faculty107,password107,Faculty
108,faculty108,password108,Faculty
109,faculty109,password109,Faculty
110,faculty110,password110,Faculty
111,faculty111,password111,Faculty
112,faculty112,password112,Faculty
113,faculty113,password113,Faculty
114,faculty114,password114,Faculty
115,faculty115,password115,Faculty
116,faculty116,password116,Faculty
117,faculty117,password117,Faculty
118,faculty118,password118,Faculty
119,faculty119,password119,Faculty
120,faculty120,password120,Faculty
121,faculty121,password121,Faculty
122,faculty122,password122,Faculty
123,faculty123,password123,Faculty
124,faculty124,password124,Faculty
125,faculty125,password125,Faculty
126,faculty126,password126,Faculty
127,faculty127,password127,Faculty
128,faculty128,password128,Faculty
129,faculty129,password129,Faculty
130,faculty130,password130,Faculty
131,faculty131,password131,Faculty
132,faculty132,password132,Faculty
133,faculty133,password133,Faculty
134,faculty134,password134,Faculty
135,faculty135,password135,Faculty
136,faculty136,password136,Faculty
137,faculty137,password137,Faculty
138,faculty138,password138,Faculty
139,faculty139,password139,Faculty
140,faculty140,password140,Faculty
141,faculty141,password141,Faculty
142,faculty142,password142,Faculty
143,faculty143,password143,Faculty
144,faculty144,password144,Faculty
145,faculty145,password145,Faculty
146,faculty146,password146,Faculty
147,faculty147,password147,Faculty
148,faculty148,password148,Faculty
149,faculty149,password149,Faculty
150,faculty150,password150,Faculty
151,academicofficer1,password1,Academic_Officer
152,academicofficer2,password2,Academic_Officer
153,academicofficer3,password3,Academic_Officer
154,academicofficer4,password4,Academic_Officer
155,academicofficer5,password5,Academic_Officer
156,academicofficer6,password6,Academic_Officer
157,academicofficer7,password7,Academic_Officer
158,academicofficer8,password8,Academic_Officer
159,academicofficer9,password9,Academic_Officer
160,academicofficer10,password10,Academic_Officer
161,academicofficer11,password11,Academic_Officer
162,academicofficer12,password12,Academic_Officer
163,academicofficer13,password13,Academic_Officer
164,academicofficer14,password14,Academic_Officer
165,academicofficer15,password15,Academic_Officer
166,academicofficer16,password16,Academic_Officer
167,academicofficer17,password17,Academic_Officer
168,academicofficer18,password18,Academic_Officer
169,academicofficer19,password19,Academic_Officer
170,academicofficer20,password20,Academic_Officer
171,academicofficer21,password21,Academic_Officer
172,academicofficer22,password22,Academic_Officer
173,academicofficer23,password23,Academic_Officer
174,academicofficer24,password24,Academic_Officer
175,academicofficer25,password25,Academic_Officer
176,academicofficer26,password26,Academic_Officer
177,academicofficer27,password27,Academic_Officer
178,academicofficer28,password28,Academic_Officer
179,academicofficer29,password29,Academic_Officer
180,academicofficer30,password30,Academic_Officer
181,academicofficer31,password31,Academic_Officer
182,academicofficer32,password32,Academic_Officer
183,academicofficer33,password33,Academic_Officer
184,academicofficer34,password34,Academic_Officer
185,academicofficer35,password35,Academic_Officer
186,academicofficer36,password36,Academic_Officer
187,academicofficer37,password37,Academic_Officer
188,academicofficer38,password38,Academic_Officer
189,academicofficer39,password39,Academic_Officer
190,academicofficer40,password40,Academic_Officer
191,academicofficer41,password41,Academic_Officer
192,academicofficer42,password42,Academic_Officer
193,academicofficer43,password43,Academic_Officer
194,academicofficer44,password44,Academic_Officer
195,academicofficer45,password45,Academic_Officer
196,academicofficer46,password46,Academic_Officer
197,academicofficer47,password47,Academic_Officer
198,academicofficer48,password48,Academic_Officer
199,academicofficer49,password49,Academic_Officer
200,academicofficer50,password50,Academic_Officer
